adm_cd,행정동명,세대당공원면적,세대당공원면적_log,park_area_total,green_ratio,household_cnt,area_km2,area_m2
1111051500,청운효자동,337.55,5.824671791931655,1660408.45,64.6073326848249,4919.0,2.57,2570000.0
1111053000,사직동,60.79,4.123741539072888,277020.02999999997,22.521953658536585,4557.0,1.23,1230000.0
1111054000,삼청동,956.51,6.864336164864494,1035900.33,69.5235120805369,1083.0,1.49,1490000.0
1111055000,부암동,1.535,0.9301936370431464,6353.365,0.2798839207048458,4139.0,2.27,2270000.0
1111056000,평창동,1.14,0.76080582903376,8121.36,0.0915598647125141,7124.0,8.87,8870000.0
1111057000,무악동,2.16,1.1505720275988207,6438.96,1.7886,2981.0,0.36,360000.0
1111058000,교남동,2.33,1.2029723039923526,10030.65,2.8659,4305.0,0.35,350000.0
1111060000,가회동,4.84,1.7647307968401356,8958.84,1.6590444444444445,1851.0,0.54,540000.0
1111061500,종로1.2.3.4가동,101.4,4.628886712605407,501321.60000000003,21.33283404255319,4944.0,2.35,2350000.0
1111063000,종로5.6가동,0.98,0.6830968447064438,3488.7999999999997,0.5814666666666666,3560.0,0.6,600000.0
1111064000,이화동,46.74,3.865769620910684,206917.98,26.527946153846155,4427.0,0.78,780000.0
1111065000,혜화동,22.97,3.176803048446293,211324.0,18.868214285714284,9200.0,1.12,1120000.0
1111067000,창신제1동,1.535,0.9301936370431464,4093.845,,2667.0,,
1111068000,창신제2동,2.96,1.3762440252663892,11549.92,,3902.0,,
1111069000,창신제3동,1.4,0.8754687373538999,3855.6,,2754.0,,
1111070000,숭인제1동,15.4,2.797281334830153,46277.0,,3005.0,,
1111071000,숭인제2동,1.47,0.904218150639886,10313.52,,7016.0,,
1114052000,소공동,14.86,2.7638002162067017,18515.559999999998,1.9490063157894735,1246.0,0.95,950000.0
1114054000,회현동,1.535,0.9301936370431464,3803.73,0.45282500000000003,2478.0,0.84,840000.0
1114055000,명동,5.7,1.9021075263969205,7558.2,0.7634545454545455,1326.0,0.99,990000.0
1114057000,필동,1.78,1.0224509277025458,5012.4800000000005,0.43969122807017547,2816.0,1.14,1140000.0
1114058000,장충동,1.535,0.9301936370431464,4497.55,0.33070220588235294,2930.0,1.36,1360000.0
1114059000,광희동,1.88,1.0577902941478543,7450.44,1.0068162162162162,3963.0,0.74,740000.0
1114060500,을지로동,12.5,2.602689685444384,26025.0,4.3374999999999995,2082.0,0.6,600000.0
1114061500,신당동,1.535,0.9301936370431464,7188.405,1.3069827272727272,4683.0,0.55,550000.0
1114062500,다산동,0.33,0.2851789422336624,2226.1800000000003,0.4365058823529412,6746.0,0.51,510000.0
1114063500,약수동,13.8,2.694627180770069,106273.8,22.140375000000002,7701.0,0.48,480000.0
1114064500,청구동,0.26,0.2311117209633866,1405.82,0.4134764705882353,5407.0,0.34,340000.0
1114065000,신당제5동,3.07,1.4036429994545037,16648.61,,5423.0,,
1114066500,동화동,1.36,0.8586616190375187,5411.4400000000005,2.081323076923077,3979.0,0.26,260000.0
1114067000,황학동,0.16,0.1484200051182733,1263.04,0.38273939393939393,7894.0,0.33,330000.0
1114068000,중림동,9.54,2.355177543113216,56696.219999999994,11.811712499999999,5943.0,0.48,480000.0
1117051000,후암동,0.29,0.2546422183735807,2399.75,0.2790406976744186,8275.0,0.86,860000.0
1117052000,용산2가동,1.535,0.9301936370431464,7658.115,0.3907201530612245,4989.0,1.96,1960000.0
1117053000,남영동,0.95,0.6678293725756554,4563.8,0.38351260504201684,4804.0,1.19,1190000.0
1117055500,청파동,1.11,0.7466879474879752,12405.36,1.3632263736263737,11176.0,0.91,910000.0
1117056000,원효로제1동,2.48,1.247032293786383,23326.88,,9406.0,,
1117057000,원효로제2동,0.43,0.3576744442718159,2697.39,,6273.0,,
1117058000,효창동,40.24,3.719408659148759,189570.64,43.08423636363637,4711.0,0.44,440000.0
1117059000,용문동,0.28,0.2468600779315258,1476.44,0.5273,5273.0,0.28,280000.0
1117062500,한강로동,1.79,1.0260415958332745,20209.100000000002,0.6968655172413794,11290.0,2.9,2900000.0
1117063000,이촌제1동,1.24,0.8064758658669484,11284.0,,9100.0,,
1117064000,이촌제2동,0.12,0.1133286853070031,429.71999999999997,,3581.0,,
1117065000,이태원제1동,0.61,0.4762341789963716,2093.52,,3432.0,,
1117066000,이태원제2동,1.1,0.7419373447293773,5207.400000000001,,4734.0,,
1117068500,한남동,1.535,0.9301936370431464,10869.335,0.36110747508305646,7081.0,3.01,3010000.0
1117069000,서빙고동,27.57,3.3523572162426816,139779.9,4.992139285714285,5070.0,2.8,2800000.0
1117070000,보광동,1.535,0.9301936370431464,6156.884999999999,0.8671669014084507,4011.0,0.71,710000.0
1120052000,왕십리제2동,4.64,1.7298840655099674,34085.439999999995,,7346.0,,
1120053500,왕십리도선동,1.26,0.8153648132841945,15211.98,2.112775,12073.0,0.72,720000.0
1120054000,마장동,0.29,0.2546422183735807,3143.02,0.2993352380952381,10838.0,1.05,1050000.0
1120055000,사근동,0.71,0.5364933705145685,5932.049999999999,0.5392772727272727,8355.0,1.1,1100000.0
1120056000,행당제1동,1.535,0.9301936370431464,9969.824999999999,,6495.0,,
1120057000,행당제2동,0.67,0.5128236264286639,6129.160000000001,,9148.0,,
1120058000,응봉동,0.39,0.3293037471426004,2295.54,0.4027263157894737,5886.0,0.57,570000.0
1120059000,금호1가동,12.11,2.5733752977756086,77540.33,16.85659347826087,6403.0,0.46,460000.0
1120061500,금호2.3가동,2.72,1.3137236682850553,25548.960000000003,3.9920250000000004,9393.0,0.64,640000.0
1120062000,금호4가동,7.51,2.1412419425852827,47831.189999999995,5.694189285714285,6369.0,0.84,840000.0
1120064500,옥수동,0.25,0.2231435513142097,2667.0,0.13747422680412372,10668.0,1.94,1940000.0
1120065000,성수1가제1동,63.76,4.170688128809434,467424.56,,7331.0,,
1120066000,성수1가제2동,0.53,0.4252677354043441,3403.13,,6421.0,,
1120067000,성수2가제1동,0.68,0.5187937934151675,5020.4400000000005,,7383.0,,
1120069000,성수2가제3동,2.95,1.3737155789130306,14708.7,,4986.0,,
1120072000,송정동,0.13,0.1222176327242492,677.69,0.09035866666666667,5213.0,0.75,750000.0
1120079000,용답동,1.02,0.7030975114131134,8041.68,0.34812467532467534,7884.0,2.31,2310000.0
1121571000,화양동,1.535,0.9301936370431464,27878.67,2.403333620689655,18162.0,1.16,1160000.0
1121573000,군자동,0.14,0.131028262406404,1574.8600000000001,0.21281891891891894,11249.0,0.74,740000.0
1121574000,중곡제1동,0.11,0.1043600153242427,951.28,,8648.0,,
1121575000,중곡제2동,0.23,0.2070141693843261,2415.46,,10502.0,,
1121576000,중곡제3동,1.535,0.9301936370431464,12956.935,,8441.0,,
1121577000,중곡제4동,1.535,0.9301936370431464,19941.184999999998,,12991.0,,
1121578000,능동,88.61,4.495466920896128,570382.57,51.8529609090909,6437.0,1.1,1100000.0
1121581000,광장동,1.95,1.0818051703517284,22974.899999999998,0.9612928870292886,11782.0,2.39,2390000.0
1121582000,자양제1동,0.09,0.0861776962410523,1089.8999999999999,,12110.0,,
1121583000,자양제2동,1.2,0.7884573603642702,14346.0,,11955.0,,
1121584000,자양제3동,0.27,0.2390169004704999,2964.8700000000003,,10981.0,,
1121584700,자양제4동,0.15,0.1397619423751587,1694.1,,11294.0,,
1121585000,구의제1동,0.25,0.2231435513142097,3312.25,,13249.0,,
1121586000,구의제2동,0.11,0.1043600153242427,1259.94,,11454.0,,
1121587000,구의제3동,1.535,0.9301936370431464,18482.934999999998,,12041.0,,
1123053600,용신동,1.63,0.9669838461896731,36024.63,2.237554658385093,22101.0,1.61,1610000.0
1123054500,제기동,0.42,0.3506568716131694,5516.7,0.4675169491525423,13135.0,1.18,1180000.0
1123056000,전농제1동,1.535,0.9301936370431464,25355.129999999997,,16518.0,,
1123057000,전농제2동,34.34,3.5650154668915506,255523.94000000003,,7441.0,,
1123060000,답십리제1동,2.19,1.1600209167967532,28349.55,,12945.0,,
1123061000,답십리제2동,12.77,2.6224923127405635,160825.38,,12594.0,,
1123065000,장안제1동,1.68,0.9858167945227652,30992.64,,18448.0,,
1123066000,장안제2동,1.34,0.8501509293696101,19755.620000000003,,14743.0,,
1123070500,청량리동,33.13,3.530176762918616,329610.37000000005,27.46753083333334,9949.0,1.2,1200000.0
1123071000,회기동,0.07,0.0676586484738148,464.31000000000006,0.06109342105263158,6633.0,0.76,760000.0
1123072000,휘경제1동,0.21,0.1906203596086497,1562.61,,7441.0,,
1123073000,휘경제2동,0.47,0.3852624007906449,6016.469999999999,,12801.0,,
1123074000,이문제1동,0.25,0.2231435513142097,2941.25,,11765.0,,
1123075000,이문제2동,1.535,0.9301936370431464,12711.335,,8281.0,,
1126052000,면목제2동,0.25,0.2231435513142097,3032.0,,12128.0,,
1126054000,면목제4동,552.28,6.315864202494925,4901485.0,,8875.0,,
1126055000,면목제5동,0.68,0.5187937934151675,4309.84,,6338.0,,
1126056500,면목본동,0.28,0.2468600779315258,4978.400000000001,0.5926666666666667,17780.0,0.84,840000.0
1126057000,면목제7동,0.13,0.1222176327242492,1369.94,,10538.0,,
1126057500,면목제3.8동,274.12,5.617207366124011,3488451.12,,12726.0,,
1126058000,상봉제1동,0.15,0.1397619423751587,1506.75,,10045.0,,
1126059000,상봉제2동,0.28,0.2468600779315258,3696.84,,13203.0,,
1126060000,중화제1동,0.03,0.0295588022415444,263.78999999999996,,8793.0,,
1126061000,중화제2동,0.41,0.3435897043900769,5512.04,,13444.0,,
1126062000,묵제1동,0.49,0.3987761199573678,7308.84,,14916.0,,
1126063000,묵제2동,0.13,0.1222176327242492,1197.43,,9211.0,,
1126065500,망우본동,14.84,2.76253838638628,280565.04,9.259572277227722,18906.0,3.03,3030000.0
1126066000,망우제3동,0.42,0.3506568716131694,3434.7599999999998,,8178.0,,
1126068000,신내1동,4.86,1.7681496035889213,71407.98000000001,2.7893742187500004,14693.0,2.56,2560000.0
1126069000,신내2동,115.2,4.755312844417811,1018828.8,109.55148387096773,8844.0,0.93,930000.0
1129052500,성북동,17.06,2.8936995479888394,137725.37999999998,4.815572727272727,8073.0,2.86,2860000.0
1129055500,삼선동,1.1,0.7419373447293773,12630.2,1.3728478260869565,11482.0,0.92,920000.0
1129057500,동선동,1.535,0.9301936370431464,14967.785,2.050381506849315,9751.0,0.73,730000.0
1129058000,돈암제1동,47.8,3.8877303128591016,287325.8,,6011.0,,
1129059000,돈암제2동,1.535,0.9301936370431464,13022.939999999999,,8484.0,,
1129060000,안암동,0.17,0.1570037488096647,1752.0200000000002,0.1317308270676692,10306.0,1.33,1330000.0
1129061000,보문동,1.45,0.8960880245566356,11737.75,2.096026785714286,8095.0,0.56,560000.0
1129062000,정릉제1동,0.61,0.4762341789963716,4469.47,,7327.0,,
1129063000,정릉제2동,0.28,0.2468600779315258,2723.0000000000005,,9725.0,,
1129064000,정릉제3동,0.03,0.0295588022415444,237.48,,7916.0,,
1129065000,정릉제4동,151.75,5.028802598051705,1634499.25,,10771.0,,
1129066000,길음제1동,1.01,0.6981347220709844,12946.18,,12818.0,,
1129068500,길음제2동,1.535,0.9301936370431464,13282.355,,8653.0,,
1129070500,종암동,0.39,0.3293037471426004,6587.1,0.4511712328767124,16890.0,1.46,1460000.0
1129071500,월곡제1동,17.56,2.9210087273580543,187962.24,,10704.0,,
1129072500,월곡제2동,82.79,4.428313668625195,791720.77,,9563.0,,
1129076000,장위제1동,0.11,0.1043600153242427,1162.26,,10566.0,,
1129077000,장위제2동,0.26,0.2311117209633866,1898.52,,7302.0,,
1129078000,장위제3동,1.535,0.9301936370431464,11110.33,,7238.0,,
1129081000,석관동,0.26,0.2311117209633866,4317.3,0.2495549132947977,16605.0,1.73,1730000.0
1130553400,삼양동,11.65,2.537657215173529,136037.05000000002,14.949126373626376,11677.0,0.91,910000.0
1130553500,미아동,0.44,0.3646431135879093,5203.88,0.5595569892473119,11827.0,0.93,930000.0
1130554500,송중동,0.32,0.2776317365982795,4371.2,0.4327920792079208,13660.0,1.01,1010000.0
1130555500,송천동,0.16,0.1484200051182733,1908.32,0.21203555555555556,11927.0,0.9,900000.0
1130557500,삼각산동,0.52,0.418710334858185,5967.0,0.9624193548387098,11475.0,0.62,620000.0
1130559500,번1동,0.28,0.2468600779315258,2716.5600000000004,0.4116000000000001,9702.0,0.66,660000.0
1130560300,번2동,178.05,5.187665096444442,1326828.6,139.66616842105265,7452.0,0.95,950000.0
1130560800,번3동,88.42,4.4933443708058345,671196.22,61.017838181818185,7591.0,1.1,1100000.0
1130561500,수유1동,0.53,0.4252677354043441,5555.990000000001,0.3326940119760479,10483.0,1.67,1670000.0
1130562500,수유2동,0.17,0.1570037488096647,1655.2900000000002,0.29040175438596494,9737.0,0.57,570000.0
1130563500,수유3동,0.35,0.3001045924503381,4786.599999999999,0.6648055555555554,13676.0,0.72,720000.0
1130564500,우이동,3.72,1.551808799597464,35633.880000000005,0.3466330739299611,9579.0,10.28,10280000.0
1130566000,인수동,0.13,0.1222176327242492,1832.8700000000001,0.055880182926829274,14099.0,3.28,3280000.0
1132051100,창제1동,64.33,4.179451348852659,703126.9,,10930.0,,
1132051200,창제2동,0.57,0.4510756193602166,7200.24,,12632.0,,
1132051300,창제3동,0.68,0.5187937934151675,4326.160000000001,,6362.0,,
1132051400,창제4동,1.66,0.9783261227936076,18807.8,,11330.0,,
1132051500,창제5동,0.35,0.3001045924503381,3604.2999999999997,,10298.0,,
1132052100,도봉제1동,847.11,6.743010344360515,8665935.3,,10230.0,,
1132052200,도봉제2동,9.01,2.303584593327129,106930.68,,11868.0,,
1132066000,쌍문제1동,35.37,3.593744258998897,341355.87,,9651.0,,
1132067000,쌍문제2동,0.19,0.173953307123438,1602.46,,8434.0,,
1132068000,쌍문제3동,0.25,0.2231435513142097,2056.0,,8224.0,,
1132068100,쌍문제4동,0.13,0.1222176327242492,924.5600000000001,,7112.0,,
1132069000,방학제1동,1.65,0.9745596399981308,21351.0,,12940.0,,
1132070000,방학제2동,0.45,0.371563556432483,4081.9500000000003,,9071.0,,
1132071000,방학제3동,1.32,0.8415671856782186,13065.36,,9898.0,,
1135056000,월계1동,25.28,3.26880819361641,254569.6,21.945655172413794,10070.0,1.16,1160000.0
1135057000,월계2동,2.14,1.144222799920162,24943.84,1.2857649484536082,11656.0,1.94,1940000.0
1135058000,월계3동,2.06,1.118414915964289,26495.72,2.264591452991453,12862.0,1.17,1170000.0
1135059500,공릉1동,12.17,2.5779415157551897,228783.83,16.22580354609929,18799.0,1.41,1410000.0
1135060000,공릉2동,2.13,1.1410330045520618,38265.45,0.5610769794721407,17965.0,6.82,6820000.0
1135061100,하계1동,3.85,1.5789787049493915,48471.5,3.1271935483870963,12590.0,1.55,1550000.0
1135061200,하계2동,2.31,1.1969481893889715,18288.27,3.585935294117647,7917.0,0.51,510000.0
1135061900,중계본동,0.52,0.418710334858185,4087.7200000000003,0.20749847715736042,7861.0,1.97,1970000.0
1135062100,중계1동,5.45,1.864080130807681,48641.25,7.720833333333334,8925.0,0.63,630000.0
1135062400,중계4동,632.0,6.450470422144176,5154592.0,303.21129411764707,8156.0,1.7,1700000.0
1135062500,중계2.3동,4.82,1.7613002617433464,71774.62000000001,7.974957777777779,14891.0,0.9,900000.0
1135063000,상계1동,431.88,6.07046055333448,6720484.68,119.58157793594306,15561.0,5.62,5620000.0
1135064000,상계2동,1.535,0.9301936370431464,13024.474999999999,2.1351598360655735,8485.0,0.61,610000.0
1135066500,상계3.4동,0.44,0.3646431135879093,5462.6,0.10817029702970297,12415.0,5.05,5050000.0
1135067000,상계5동,0.05,0.048790164169432,542.85,0.05374752475247525,10857.0,1.01,1010000.0
1135069500,상계6.7동,8.07,2.2049722641270453,111591.96,10.05332972972973,13828.0,1.11,1110000.0
1135070000,상계8동,5.99,1.944480556245719,54526.97,8.138353731343283,9103.0,0.67,670000.0
1135071000,상계9동,2.17,1.1537315878891892,18110.82,2.2359037037037037,8346.0,0.81,810000.0
1135072000,상계10동,3.63,1.5325568680981427,27609.78,3.4512225,7606.0,0.8,800000.0
1138051000,녹번동,47.55,3.882594194737334,828416.1,46.280229050279324,17422.0,1.79,1790000.0
1138052000,불광제1동,8.31,2.231089091288976,150784.95,,18145.0,,
1138053000,불광제2동,10.95,2.48073127837752,154405.94999999998,,14101.0,,
1138055100,갈현제1동,0.6,0.4700036292457356,4326.599999999999,,7211.0,,
1138055200,갈현제2동,0.35,0.3001045924503381,4460.75,,12745.0,,
1138056000,구산동,6.75,2.0476928433652555,90848.25,6.583206521739131,13459.0,1.38,1380000.0
1138057000,대조동,0.34,0.29266961396282,5286.660000000001,0.6219600000000001,15549.0,0.85,850000.0
1138058000,응암제1동,0.26,0.2311117209633866,3922.6200000000003,,15087.0,,
1138059000,응암제2동,0.9,0.6418538861723948,9879.300000000001,,10977.0,,
1138060000,응암제3동,0.28,0.2468600779315258,3510.0800000000004,,12536.0,,
1138062500,역촌동,0.24,0.2151113796169455,5108.4,0.4403793103448276,21285.0,1.16,1160000.0
1138063100,신사제1동,0.16,0.1484200051182733,1917.6000000000001,,11985.0,,
1138063200,신사제2동,12.82,2.626116818339524,111136.58,,8669.0,,
1138064000,증산동,0.29,0.2546422183735807,1953.1499999999999,0.24112962962962958,6735.0,0.81,810000.0
1138065000,수색동,0.1,0.0953101798043248,855.7,0.06633333333333334,8557.0,1.29,1290000.0
1138069000,진관동,181.39,5.206147251575906,3824063.9799999995,33.16620971379011,21082.0,11.53,11530000.0
1141052000,천연동,14.12,2.716018370751387,107241.4,11.05581443298969,7595.0,0.97,970000.0
1141055500,북아현동,2.86,1.3506671834767394,20131.54,4.376421739130435,7039.0,0.46,460000.0
1141056500,충현동,0.04,0.0392207131532812,398.44,0.035575,9961.0,1.12,1120000.0
1141058500,신촌동,1.0,0.6931471805599453,15225.0,0.5788973384030418,15225.0,2.63,2630000.0
1141061500,연희동,114.58,4.749962930889632,2138521.12,70.11544655737706,18664.0,3.05,3050000.0
1141062000,홍제제1동,2.51,1.2556160374777745,27971.44,,11144.0,,
1141064000,홍제제3동,2.09,1.128171090909654,16676.11,,7979.0,,
1141065500,홍제제2동,1.535,0.9301936370431464,8149.315,,5309.0,,
1141066000,홍은제1동,2.26,1.181727195378616,21790.92,,9642.0,,
1141068500,홍은제2동,163.45,5.102606572635066,2109812.5999999996,,12908.0,,
1141069000,남가좌제1동,2.26,1.181727195378616,13903.519999999999,,6152.0,,
1141070000,남가좌제2동,0.51,0.412109650826833,6795.75,,13325.0,,
1141071000,북가좌제1동,3.17,1.42791603581071,21372.14,,6742.0,,
1141072000,북가좌제2동,0.41,0.3435897043900769,5938.849999999999,,14485.0,,
1144055500,아현동,0.62,0.4824261492442927,7681.18,1.0106815789473684,12389.0,0.76,760000.0
1144056500,공덕동,0.36,0.3074846997479606,6626.5199999999995,0.6560910891089109,18407.0,1.01,1010000.0
1144058500,도화동,0.37,0.3148107398400335,3450.25,0.556491935483871,9325.0,0.62,620000.0
1144059000,용강동,1.18,0.7793248768009976,10936.24,1.3019333333333332,9268.0,0.84,840000.0
1144060000,대흥동,74.41,4.322939892214555,641786.25,72.93025568181818,8625.0,0.88,880000.0
1144061000,염리동,2.04,1.1118575154181305,15744.720000000001,3.661562790697675,7718.0,0.43,430000.0
1144063000,신수동,0.99,0.688134638736401,9965.34,1.2776076923076922,10066.0,0.78,780000.0
1144065500,서강동,8.44,2.244955980157409,102655.72,7.079704827586207,12163.0,1.45,1450000.0
1144066000,서교동,0.96,0.6729444732424258,14527.68,0.8804654545454547,15133.0,1.65,1650000.0
1144068000,합정동,2.02,1.1052568313867783,18361.8,1.0864970414201183,9090.0,1.69,1690000.0
1144069000,망원제1동,0.45,0.371563556432483,4538.25,,10085.0,,
1144070000,망원제2동,0.19,0.173953307123438,1572.44,,8276.0,,
1144071000,연남동,0.23,0.2070141693843261,1915.21,0.2946476923076923,8327.0,0.65,650000.0
1144072000,성산제1동,11.31,2.510411940196362,109017.09000000001,,9639.0,,
1144073000,성산제2동,9.41,2.342766882626877,185217.03,,19683.0,,
1144074000,상암동,197.46,5.290587568486096,2513863.2600000002,29.926943571428577,12731.0,8.4,8400000.0
1147051000,목1동,2.27,1.184789984909162,23394.62,1.6591929078014185,10306.0,1.41,1410000.0
1147052000,목2동,19.96,3.0426158594528414,265627.68,25.78909514563107,13308.0,1.03,1030000.0
1147053000,목3동,0.27,0.2390169004704999,2739.69,0.516922641509434,10147.0,0.53,530000.0
1147054000,목4동,0.37,0.3148107398400335,3683.35,0.6462017543859648,9955.0,0.57,570000.0
1147055000,목5동,5.16,1.8180767775454283,69660.0,3.8486187845303865,13500.0,1.81,1810000.0
1147056000,신월1동,0.49,0.3987761199573678,4826.99,0.7426138461538462,9851.0,0.65,650000.0
1147057000,신월2동,0.35,0.3001045924503381,3044.2999999999997,0.4990655737704917,8698.0,0.61,610000.0
1147058000,신월3동,27.13,3.3368366225017656,205862.44,23.662349425287356,7588.0,0.87,870000.0
1147059000,신월4동,0.73,0.5481214085096876,4977.87,0.9572826923076924,6819.0,0.52,520000.0
1147060000,신월5동,0.53,0.4252677354043441,3369.7400000000002,0.488368115942029,6358.0,0.69,690000.0
1147061000,신월6동,1.7,0.9932517730102832,9096.699999999999,2.2187073170731706,5351.0,0.41,410000.0
1147061100,신월7동,12.11,2.5733752977756086,109292.75,9.184264705882352,9025.0,1.19,1190000.0
1147062000,신정1동,4.2,1.6486586255873816,29013.600000000002,4.144800000000001,6908.0,0.7,700000.0
1147063000,신정2동,0.3,0.262364264467491,2034.6,0.3912692307692307,6782.0,0.52,520000.0
1147064000,신정3동,93.84,4.552191261197205,1822560.48,67.0059,19422.0,2.72,2720000.0
1147065000,신정4동,0.6,0.4700036292457356,9871.8,0.9774059405940594,16453.0,1.01,1010000.0
1147067000,신정6동,5.99,1.944480556245719,49010.18,5.105227083333333,8182.0,0.96,960000.0
1147068000,신정7동,12.55,2.60638654732571,143986.15,11.899681818181818,11473.0,1.21,1210000.0
1150051000,염창동,7.36,2.1234584270966104,122742.72,7.0541793103448285,16677.0,1.74,1740000.0
1150052000,등촌제1동,0.32,0.2776317365982795,4599.04,,14372.0,,
1150053000,등촌제2동,1.535,0.9301936370431464,13224.025,,8615.0,,
1150053500,등촌제3동,1.58,0.947789398933526,23867.48,,15106.0,,
1150054000,화곡제1동,1.68,0.9858167945227652,47068.56,,28017.0,,
1150055000,화곡제2동,0.37,0.3148107398400335,3027.71,,8183.0,,
1150056000,화곡제3동,0.59,0.4637340162321401,5718.87,,9693.0,,
1150057000,화곡제4동,0.51,0.412109650826833,4894.47,,9597.0,,
1150059000,화곡본동,61.53,4.135646441579207,1058439.06,108.0039857142857,17202.0,0.98,980000.0
1150059100,화곡제6동,6.67,2.0373166153791646,90051.67,,13501.0,,
1150059300,화곡제8동,1.0,0.6931471805599453,11540.0,,11540.0,,
1150060300,가양제1동,68.5,4.241326752570746,1442267.5,,21055.0,,
1150060400,가양제2동,6.99,2.0781907597781832,55255.950000000004,,7905.0,,
1150060500,가양제3동,0.6,0.4700036292457356,4554.599999999999,,7591.0,,
1150061100,발산제1동,28.07,3.3697067145707846,381695.86,,13598.0,,
1150061500,우장산동,23.05,3.1801349965517702,387355.25,28.48200367647059,16805.0,1.36,1360000.0
1150062000,공항동,4.01,1.6114359150967734,55137.5,0.5072447102115916,13750.0,10.87,10870000.0
1150063000,방화제1동,2.55,1.2669476034873244,42031.649999999994,,16483.0,,
1150064000,방화제2동,1.0,0.6931471805599453,12463.0,,12463.0,,
1150064100,방화제3동,57.49,4.068855799454934,640553.5800000001,,11142.0,,
1153051000,신도림동,0.86,0.6205764877251099,12390.88,0.8429170068027211,14408.0,1.47,1470000.0
1153052000,구로제1동,1.535,0.9301936370431464,12889.394999999999,,8397.0,,
1153053000,구로제2동,0.53,0.4252677354043441,6403.46,,12082.0,,
1153054000,구로제3동,0.16,0.1484200051182733,2181.12,,13632.0,,
1153055000,구로제4동,0.82,0.598836501088704,8313.16,,10138.0,,
1153056000,구로제5동,0.39,0.3293037471426004,6117.54,,15686.0,,
1153059500,가리봉동,1.535,0.9301936370431464,9288.285,2.32207125,6051.0,0.4,400000.0
1153072000,고척제1동,0.04,0.0392207131532812,467.64,,11691.0,,
1153073000,고척제2동,23.1,3.1822118404966093,263501.7,,11407.0,,
1153074000,개봉제1동,0.24,0.2151113796169455,3663.8399999999997,,15266.0,,
1153075000,개봉제2동,0.14,0.131028262406404,1707.5800000000002,,12197.0,,
1153076000,개봉제3동,46.83,3.8676530576922055,403627.76999999996,,8619.0,,
1153077000,오류제1동,97.61,4.591172676344238,1266294.53,,12973.0,,
1153078000,오류제2동,12.52,2.604170070614818,192983.28,,15414.0,,
1153079000,수궁동,0.87,0.6259384308664953,8704.35,0.3260056179775281,10005.0,2.67,2670000.0
1154551000,가산동,0.27,0.2390169004704999,5023.89,0.19936071428571428,18607.0,2.52,2520000.0
1154561000,독산제1동,2.18,1.1568811967920856,57161.780000000006,,26221.0,,
1154562000,독산제2동,0.65,0.5007752879124893,6077.5,,9350.0,,
1154563000,독산제3동,2.59,1.2781522025001877,32810.119999999995,,12668.0,,
1154564000,독산제4동,4.68,1.7369512327330598,34791.119999999995,,7434.0,,
1154567000,시흥제1동,0.5,0.4054651081081644,8196.5,,16393.0,,
1154568000,시흥제2동,1.535,0.9301936370431464,12482.619999999999,,8132.0,,
1154569000,시흥제3동,2.17,1.1537315878891892,10118.71,,4663.0,,
1154570000,시흥제4동,1.46,0.9001613499442714,12909.32,,8842.0,,
1154571000,시흥제5동,1.29,0.8285518175661483,11620.32,,9008.0,,
1156051500,영등포본동,6.55,2.021547563260933,67831.8,6.650176470588236,10356.0,1.02,1020000.0
1156053500,영등포동,0.86,0.6205764877251099,19272.6,1.5295714285714284,22410.0,1.26,1260000.0
1156054000,여의동,18.89,2.9902170928658807,267595.74,3.1856635714285715,14166.0,8.4,8400000.0
1156055000,당산제1동,1.05,0.7178397931503169,12497.1,,11902.0,,
1156056000,당산제2동,0.6,0.4700036292457356,11347.8,,18913.0,,
1156058500,도림동,0.53,0.4252677354043441,5233.75,0.588061797752809,9875.0,0.89,890000.0
1156060500,문래동,2.35,1.208960345836975,30531.2,2.049073825503356,12992.0,1.49,1490000.0
1156061000,양평제1동,0.16,0.1484200051182733,1611.04,,10069.0,,
1156062000,양평제2동,12.53,2.604909442182697,142328.27,,11359.0,,
1156063000,신길제1동,5.7,1.9021075263969205,66764.1,,11713.0,,
1156065000,신길제3동,0.22,0.1988508587451652,1696.86,,7713.0,,
1156066000,신길제4동,1.535,0.9301936370431464,8741.824999999999,,5695.0,,
1156067000,신길제5동,5.11,1.809926773183504,22729.280000000002,,4448.0,,
1156068000,신길제6동,0.1,0.0953101798043248,918.2,,9182.0,,
1156069000,신길제7동,0.16,0.1484200051182733,1263.3600000000001,,7896.0,,
1156070000,대림제1동,1.16,0.7701082216960736,7906.5599999999995,,6816.0,,
1156071000,대림제2동,0.24,0.2151113796169455,1656.96,,6904.0,,
1156072000,대림제3동,1.21,0.7929925155296614,12437.59,,10279.0,,
1159051000,노량진제1동,8.73,2.2752138961979136,156633.66,,17942.0,,
1159052000,노량진제2동,1.535,0.9301936370431464,8569.904999999999,,5583.0,,
1159053000,상도제1동,0.16,0.1484200051182733,3685.28,,23033.0,,
1159054000,상도제2동,0.62,0.4824261492442927,7702.88,,12424.0,,
1159055000,상도제3동,0.55,0.4382549309311553,6727.6,,12232.0,,
1159056000,상도제4동,0.02,0.0198026272961797,296.78000000000003,,14839.0,,
1159060500,흑석동,27.15,3.3375473545856997,352515.6,20.983071428571424,12984.0,1.68,1680000.0
1159062000,사당제1동,0.17,0.1570037488096647,2374.9,,13970.0,,
1159063000,사당제2동,174.93,5.170086188650955,2198170.38,,12566.0,,
1159064000,사당제3동,108.44,4.69537645387424,1127884.44,,10401.0,,
1159065000,사당제4동,0.45,0.371563556432483,3305.25,,7345.0,,
1159065100,사당제5동,0.44,0.3646431135879093,2967.36,,6744.0,,
1159066000,대방동,24.54,3.2402458506043934,396787.26,25.59917806451613,16169.0,1.55,1550000.0
1159067000,신대방제1동,0.64,0.494696241836107,6684.8,,10445.0,,
1159068000,신대방제2동,45.57,3.840956556994286,495163.62,,10866.0,,
1162052500,보라매동,0.09,0.0861776962410523,1169.82,0.15392368421052632,12998.0,0.76,760000.0
1162054500,청림동,1.535,0.9301936370431464,9773.345,3.2577816666666664,6367.0,0.3,300000.0
1162056500,성현동,1.535,0.9301936370431464,19701.725,2.8973125,12835.0,0.68,680000.0
1162057500,행운동,4.09,1.6272778305624314,75088.31,10.428931944444445,18359.0,0.72,720000.0
1162058500,낙성대동,1.04,0.712949807856125,12833.6,0.5653568281938326,12340.0,2.27,2270000.0
1162059500,청룡동,0.42,0.3506568716131694,10391.22,0.8806118644067795,24741.0,1.18,1180000.0
1162060500,은천동,28.41,3.381334752565904,455866.86,58.44446923076922,16046.0,0.78,780000.0
1162061500,중앙동,0.29,0.2546422183735807,3044.4199999999996,0.7806205128205127,10498.0,0.39,390000.0
1162062500,인헌동,0.33,0.2851789422336624,4939.77,0.45738611111111116,14969.0,1.08,1080000.0
1162063000,남현동,0.62,0.4824261492442927,6092.74,0.1863223241590214,9827.0,3.27,3270000.0
1162064500,서원동,9.52,2.353278207309564,147759.91999999998,22.73229538461538,15521.0,0.65,650000.0
1162065500,신원동,0.04,0.0392207131532812,455.68,0.0828509090909091,11392.0,0.55,550000.0
1162066500,서림동,0.27,0.2390169004704999,4176.09,0.4218272727272728,15467.0,0.99,990000.0
1162068500,신사동,0.14,0.131028262406404,2053.52,0.3208625,14668.0,0.64,640000.0
1162068500,신사동,0.14,0.131028262406404,2053.52,0.10865185185185186,14668.0,1.89,1890000.0
1162069500,신림동,0.12,0.1133286853070031,2319.12,0.4294666666666666,19326.0,0.54,540000.0
1162071500,난향동,0.15,0.1397619423751587,919.5,0.1149375,6130.0,0.8,800000.0
1162072500,조원동,0.19,0.173953307123438,2362.65,0.35263432835820896,12435.0,0.67,670000.0
1162073500,대학동,0.79,0.5822156198526637,14272.140000000001,0.17195349397590362,18066.0,8.3,8300000.000000001
1162074500,삼성동,0.32,0.2776317365982795,3056.96,0.11492330827067669,9553.0,2.66,2660000.0
1162076500,미성동,6.7,2.0412203288596382,94228.8,6.828173913043479,14064.0,1.38,1380000.0
1162077500,난곡동,0.94,0.6626879730752367,12003.8,1.2503958333333332,12770.0,0.96,960000.0
1165051000,서초1동,0.37,0.3148107398400335,3540.9,0.24935915492957744,9570.0,1.42,1420000.0
1165052000,서초2동,0.35,0.3001045924503381,4009.6,0.3233548387096774,11456.0,1.24,1240000.0
1165053000,서초3동,0.51,0.412109650826833,7905.0,0.2697952218430034,15500.0,2.93,2930000.0
1165053100,서초4동,0.58,0.4574248470388754,6184.54,0.7027886363636364,10663.0,0.88,880000.0
1165054000,잠원동,1.81,1.0331844833456545,19269.260000000002,1.0948443181818182,10646.0,1.76,1760000.0
1165055000,반포본동,2.79,1.332366019094335,309.69,0.030662376237623763,111.0,1.01,1010000.0
1165056000,반포1동,0.45,0.371563556432483,6563.25,0.6563249999999999,14585.0,1.0,1000000.0
1165057000,반포2동,5.92,1.9344157696295785,50852.8,3.7668740740740745,8590.0,1.35,1350000.0
1165058000,반포3동,1.64,0.9707789171582248,13556.24,1.05908125,8266.0,1.28,1280000.0
1165058100,반포4동,1.15,0.7654678421395714,8099.45,0.5663951048951048,7043.0,1.43,1430000.0
1165059000,방배본동,0.12,0.1133286853070031,941.28,0.14048955223880596,7844.0,0.67,670000.0
1165060000,방배1동,0.16,0.1484200051182733,1205.6000000000001,0.17222857142857145,7535.0,0.7,700000.0
1165061000,방배2동,70.92,4.275554390163365,553105.08,28.658294300518133,7799.0,1.93,1930000.0
1165062000,방배3동,27.95,3.3655702040190043,162557.19999999998,6.773216666666666,5816.0,2.4,2400000.0
1165062100,방배4동,0.7,0.5306282510621704,6731.9,0.6869285714285714,9617.0,0.98,980000.0
1165065100,양재1동,261.05,5.568535325248176,4601789.4,79.89217708333334,17628.0,5.76,5760000.0
1165065200,양재2동,39.05,3.690128673514368,429862.39999999997,5.671007915567282,11008.0,7.58,7580000.0
1165066000,내곡동,708.16,6.56408117103018,4998193.279999999,39.417928075709774,7058.0,12.68,12680000.0
1168051000,신사동,3.93,1.5953389880545987,25824.030000000002,4.035004687500001,6571.0,0.64,640000.0
1168051000,신사동,3.93,1.5953389880545987,25824.030000000002,1.3663507936507937,6571.0,1.89,1890000.0
1168052100,논현1동,2.21,1.1662709371419244,29759.86,2.3807888,13466.0,1.25,1250000.0
1168053100,논현2동,0.69,0.5247285289349821,7720.41,0.5251979591836734,11189.0,1.47,1470000.0
1168054500,압구정동,3.7,1.547562508716013,36929.700000000004,1.4596719367588935,9981.0,2.53,2530000.0
1168056500,청담동,6.51,2.0162354657760435,68504.73,2.940117167381974,10523.0,2.33,2330000.0
1168058000,삼성1동,55.72,4.038126882223872,303339.68,15.636065979381442,5444.0,1.94,1940000.0
1168059000,삼성2동,0.1,0.0953101798043248,1379.5,0.11125,13795.0,1.24,1240000.0
1168060000,대치1동,7.95,2.191653532286764,57399.0,7.265696202531645,7220.0,0.79,790000.0
1168061000,대치2동,0.39,0.3293037471426004,5155.41,0.2577705,13219.0,2.0,2000000.0
1168063000,대치4동,0.32,0.2776317365982795,3066.56,0.4200767123287671,9583.0,0.73,730000.0
1168064000,역삼1동,2.37,1.2149127443642704,56432.07,2.4013646808510636,23811.0,2.35,2350000.0
1168065000,역삼2동,0.64,0.494696241836107,9972.48,0.8671721739130435,15582.0,1.15,1150000.0
1168065500,도곡1동,33.0,3.5263605246161616,271425.0,26.610294117647058,8225.0,1.02,1020000.0
1168065600,도곡2동,22.65,3.1633631149379418,258821.55,25.37466176470588,11427.0,1.02,1020000.0
1168066000,개포1동,1.535,0.9301936370431464,14063.67,1.107375590551181,9162.0,1.27,1270000.0
1168067000,개포2동,16.95,2.887590114934288,255063.59999999998,10.161896414342628,15048.0,2.51,2510000.0
1168069000,개포4동,0.21,0.1906203596086497,2118.06,0.142151677852349,10086.0,1.49,1490000.0
1168070000,세곡동,30.0,3.4339872044851463,608760.0,9.571698113207546,20292.0,6.36,6360000.0
1168072000,일원본동,347.99,5.855043268496785,2764084.5700000003,107.13506085271318,7943.0,2.58,2580000.0
1168073000,일원1동,1.87,1.0543120297715298,13920.28,1.5130739130434783,7444.0,0.92,920000.0
1168068000,개포3동,3.82,1.572773928062509,,,,1.24,1240000.0
1168075000,수서동,1.83,1.0402767116551463,13990.35,0.978346153846154,7645.0,1.43,1430000.0
1171051000,풍납1동,3.65,1.536867219599265,19407.05,2.520396103896104,5317.0,0.77,770000.0
1171052000,풍납2동,0.66,0.5068176023684519,6819.780000000001,0.4289169811320755,10333.0,1.59,1590000.0
1171053100,거여1동,11.62,2.5352828571130672,64793.119999999995,12.704533333333332,5576.0,0.51,510000.0
1171053200,거여2동,2.4,1.2237754316221157,24168.0,4.5600000000000005,10070.0,0.53,530000.0
1171054000,마천1동,6.33,1.99197551589856,46348.26,7.991079310344828,7322.0,0.58,580000.0
1171055000,마천2동,24.1,3.2228678461377385,203861.90000000002,22.905831460674158,8459.0,0.89,890000.0
1171056100,방이1동,5.56,1.8809906029559973,34216.24,6.843247999999999,6154.0,0.5,500000.0
1171056200,방이2동,1.09,0.7371640659767197,17461.800000000003,2.1827250000000005,16020.0,0.8,800000.0
1171056600,오륜동,242.93,5.496881298887856,1418225.34,44.73896971608833,5838.0,3.17,3170000.0
1171057000,오금동,21.77,3.125443880075648,349735.05,21.196063636363636,16065.0,1.65,1650000.0
1171058000,송파1동,1.51,0.9202827531436926,18865.94,2.3880936708860756,12494.0,0.79,790000.0
1171059000,송파2동,2.78,1.3297240096314962,20752.699999999997,3.9156037735849054,7465.0,0.53,530000.0
1171060000,석촌동,3.08,1.4060969884160703,52526.32,5.529086315789473,17054.0,0.95,950000.0
1171061000,삼전동,10.84,2.4714836294558595,174697.44,18.389204210526316,16116.0,0.95,950000.0
1171062000,가락본동,4.97,1.786746927404511,57532.719999999994,5.091391150442477,11576.0,1.13,1130000.0
1171063100,가락1동,2.12,1.1378330018213911,20458.0,1.5267164179104478,9650.0,1.34,1340000.0
1171063200,가락2동,50.11,3.933980172780188,619810.59,64.563603125,12369.0,0.96,960000.0
1171064100,문정1동,3.35,1.4701758451005926,30093.05,5.373758928571429,8983.0,0.56,560000.0
1171064200,문정2동,8.51,2.252343876557299,134509.06,6.114048181818181,15806.0,2.2,2200000.0
1171064600,장지동,7.07,2.0881534822818573,93309.86,6.810938686131387,13198.0,1.37,1370000.0
1171064700,위례동,26.86,3.32719196835166,400455.74,15.704146666666666,14909.0,2.55,2550000.0
1171065000,잠실본동,0.95,0.6678293725756554,15406.15,1.6389521276595744,16217.0,0.94,940000.0
1171067000,잠실2동,2.05,1.1151415906193205,23609.85,1.0830206422018347,11517.0,2.18,2180000.0
1171068000,잠실3동,2.76,1.324418957401803,32678.399999999998,2.193181208053691,11840.0,1.49,1490000.0
1171069000,잠실4동,1.535,0.9301936370431464,11039.72,0.7076743589743589,7192.0,1.56,1560000.0
1171071000,잠실6동,51.85,3.967457712316247,303581.75,10.881066308243728,5855.0,2.79,2790000.0
1171072000,잠실7동,18.97,2.994231147427724,63834.049999999996,10.639008333333333,3365.0,0.6,600000.0
1174051500,강일동,18.65,2.9780773383152703,256735.9,11.35999557522124,13766.0,2.26,2260000.0
1174052500,상일제1동,322.16,5.778147556611508,4363335.04,,13544.0,,
1174053000,명일제1동,4.33,1.673351238177753,43278.35,,9995.0,,
1174054000,명일제2동,0.67,0.5128236264286639,4283.31,,6393.0,,
1174055000,고덕제1동,4.72,1.7439688053917064,38387.759999999995,,8133.0,,
1174056000,고덕제2동,35.63,3.6008675767907232,353841.53,,9931.0,,
1174057000,암사제1동,0.55,0.4382549309311553,8744.45,,15899.0,,
1174058000,암사제2동,0.44,0.3646431135879093,2800.6,,6365.0,,
1174059000,암사제3동,1.79,1.0260415958332745,10843.82,,6058.0,,
1174060000,천호제1동,0.34,0.29266961396282,4384.9800000000005,,12897.0,,
1174061000,천호제2동,1.99,1.095273387402595,37097.58,,18642.0,,
1174062000,천호제3동,0.19,0.173953307123438,2843.92,,14968.0,,
1174064000,성내제1동,1.56,0.9400072584914712,12757.68,,8178.0,,
1174065000,성내제2동,0.18,0.1655144384775733,2506.3199999999997,,13924.0,,
1174066000,성내제3동,0.35,0.3001045924503381,3703.35,,10581.0,,
1174068500,길동,4.11,1.631199404215613,98886.6,6.142024844720497,24060.0,1.61,1610000.0
1174069000,둔촌제1동,1.535,0.9301936370431464,17611.055,,11473.0,,
1174070000,둔촌제2동,58.91,4.0928434360958335,644593.22,,10942.0,,
